1,Felizio,Wallach,fwallach0@dell.com
2,Sherye,Wankel,swankel1@ted.com
3,Karel,Fredson,kfredson2@ask.com
4,Chickie,Schuricht,cschuricht3@deliciousdays.com
5,Loretta,Stansby,lstansby4@nyu.edu
6,Standford,Beringer,sberinger5@mac.com
7,Fields,Shillam,fshillam6@pbs.org
8,Joleen,Fellona,jfellona7@bbc.co.uk
9,Peggie,de la Valette Parisot,pdelavaletteparisot8@home.pl
10,Carlina,Geeve,cgeeve9@is.gd
11,Jarad,Bibb,jbibba@histats.com
12,Drusilla,Hellis,dhellisb@bing.com
13,Berkeley,Seger,bsegerc@pinterest.com
14,Colan,Skett,cskettd@123-reg.co.uk
15,Horatio,Corinton,hcorintone@yolasite.com
16,Ilyse,Ervin,iervinf@ft.com
17,Chalmers,Cockin,ccocking@accuweather.com
18,Ronalda,Bligh,rblighh@edublogs.org
19,Clea,Coggles,ccogglesi@over-blog.com
20,Jenine,Balasini,jbalasinij@rediff.com
21,Charisse,Riccardi,criccardik@noaa.gov
22,Selie,Gilluley,sgilluleyl@google.es
23,Adler,Skaife,askaifem@amazon.de
24,Godard,Schust,gschustn@dion.ne.jp
25,Jania,Deacock,jdeacocko@jugem.jp
26,Roobbie,Gouge,rgougep@mozilla.com
27,Eliot,Simioni,esimioniq@shinystat.com
28,Jarid,Pizer,jpizerr@deviantart.com
29,Ezra,Gavagan,egavagans@blog.com
30,Heinrick,Skillicorn,hskillicornt@microsoft.com
31,Bogey,Sutherland,bsutherlandu@a8.net
32,Isak,Mattisssen,imattisssenv@economist.com
33,Ricard,Raddan,rraddanw@phoca.cz
34,Rhodie,Dyers,rdyersx@prlog.org
35,Frederique,Premble,fprembley@microsoft.com
36,Miof mela,Surgey,msurgeyz@ca.gov
37,Abbot,Giercke,agiercke10@senate.gov
38,Jonis,Scopyn,jscopyn11@adobe.com
39,Miof mela,Bond,mbond12@epa.gov
40,Frieda,Beet,fbeet13@ovh.net
41,Rupert,Greg,rgreg14@tinypic.com
42,Noell,Mussett,nmussett15@hexun.com
43,Teresita,Overill,toverill16@ehow.com
44,Care,Havelin,chavelin17@typepad.com
45,Oneida,Eykel,oeykel18@com.com
46,Engelbert,Bayns,ebayns19@irs.gov
47,Thorndike,Fawthrop,tfawthrop1a@posterous.com
48,Farrah,Krebs,fkrebs1b@sourceforge.net
49,Siffre,MacGall,smacgall1c@wiley.com
50,Boony,Minto,bminto1d@sitemeter.com
51,Tilda,Merigon,tmerigon1e@upenn.edu
52,Amalle,Krishtopaittis,akrishtopaittis1f@yahoo.co.jp
53,Leland,Denyakin,ldenyakin1g@wunderground.com
54,Edithe,George,egeorge1h@ft.com
55,Opal,Cutcliffe,ocutcliffe1i@t-online.de
56,Carleton,Rieger,crieger1j@domainmarket.com
57,Corny,Meader,cmeader1k@ucoz.com
58,Cecilius,Sprouls,csprouls1l@foxnews.com
59,Ricoriki,Jados,rjados1m@elegantthemes.com
60,Gifford,Joynt,gjoynt1n@livejournal.com
61,Katheryn,Acey,kacey1o@comsenz.com
62,Ricardo,Rodear,rrodear1p@mozilla.org
63,Kasey,Beavington,kbeavington1q@huffingtonpost.com
64,Philippine,Floris,pfloris1r@nature.com
65,Margit,Gudgeon,mgudgeon1s@bizjournals.com
66,Lauretta,Hodgen,lhodgen1t@wisc.edu
67,Lela,Winfrey,lwinfrey1u@imgur.com
68,Mariel,Kerfut,mkerfut1v@scribd.com
69,Winfield,Phelan,wphelan1w@apache.org
70,Les,Gloves,lgloves1x@arizona.edu
71,Cullin,Colgan,ccolgan1y@wunderground.com
72,Melonie,Budibent,mbudibent1z@weather.com
73,Babita,Janic,bjanic20@histats.com
74,Stacy,Bracer,sbracer21@netscape.com
75,August,Betke,abetke22@deliciousdays.com
76,Uri,Neilus,uneilus23@wikipedia.org
77,Shepherd,Fahy,sfahy24@nbcnews.com
78,Amery,Garahan,agarahan25@imdb.com
79,Tades,Wethered,twethered26@guardian.co.uk
80,Burnard,Dodsley,bdodsley27@cbsnews.com
81,Giorgia,Sindall,gsindall28@rediff.com
82,Honey,Gillhespy,hgillhespy29@ning.com
83,Berni,Sinkings,bsinkings2a@eventbrite.com
84,Ted,O'Heyne,toheyne2b@stumbleupon.com
85,Bessy,Rawood,brawood2c@who.int
86,Saunderson,Koppel,skoppel2d@qq.com
87,Gayle,Huxham,ghuxham2e@comcast.net
88,Lizzy,Hardison,lhardison2f@twitter.com
89,Keri,Antonietti,kantonietti2g@loc.gov
90,Deni,Hasson,dhasson2h@feedburner.com
91,Karalee,Meenan,kmeenan2i@phoca.cz
92,Eberhard,Coplestone,ecoplestone2j@nytimes.com
93,Geordie,De Ath,gdeath2k@europa.eu
94,Carleen,Wrightem,cwrightem2l@macromedia.com
95,Reagen,Lutsch,rlutsch2m@icq.com
96,Denver,Bickle,dbickle2n@topsy.com
97,Ninetta,Slayford,nslayford2o@typepad.com
98,Eustace,Wilhelmy,ewilhelmy2p@topsy.com
99,Tabby,Salliss,tsalliss2q@tamu.edu
100,Ulberto,Fend,ufend2r@dropbox.com
101,Betsy,O' Dornan,bodornan2s@behance.net
102,Ellen,Phizacklea,ephizacklea2t@sogou.com
103,Winston,Lowseley,wlowseley2u@biblegateway.com
104,Jere,Elsmore,jelsmore2v@cafepress.com
105,Hashim,McIlory,hmcilory2w@ebay.co.uk
106,Channa,Flindall,cflindall2x@slideshare.net
107,Cariotta,Caunt,ccaunt2y@who.int
108,Trula,Liversedge,tliversedge2z@de.vu
109,Queenie,Oddy,qoddy30@51.la
110,Blaire,Grendon,bgrendon31@wsj.com
111,Bert,Gurry,bgurry32@spiegel.de
112,Jody,Chellenham,jchellenham33@amazon.co.jp
113,Raynell,Baelde,rbaelde34@meetup.com
114,Janeva,MacDowal,jmacdowal35@state.tx.us
115,Parnell,Benz,pbenz36@i2i.jp
116,Ceciley,Silveston,csilveston37@virginia.edu
117,Fons,Towl,ftowl38@mail.ru
118,Sheelagh,Lazer,slazer39@marketwatch.com
119,Odelle,Flynn,oflynn3a@barnesandnoble.com
120,Dianne,Dallyn,ddallyn3b@scribd.com
121,Allix,Gallelli,agallelli3c@miitbeian.gov.cn
122,Tarah,Jorczyk,tjorczyk3d@soup.io
123,Cheri,Frandsen,cfrandsen3e@adobe.com
124,Berry,Motton,bmotton3f@google.com
125,Leonhard,Lubbock,llubbock3g@noaa.gov
126,Bertine,Cunniff,bcunniff3h@washington.edu
127,Chrysler,Berthel,cberthel3i@mapquest.com
128,Engracia,Gearing,egearing3j@fc2.com
129,Mildred,Mates,mmates3k@odnoklassniki.ru
130,Hamlen,Blaszczyk,hblaszczyk3l@npr.org
131,Madison,Worsham,mworsham3m@comcast.net
132,Annora,Tesyro,atesyro3n@usda.gov
133,Fred,Studart,fstudart3o@moonfruit.com
134,Nefen,Borgesio,nborgesio3p@apache.org
135,Crissie,Thorouggood,cthorouggood3q@nature.com
136,Franz,Dwyr,fdwyr3r@booking.com
137,Kelwin,Lassetter,klassetter3s@scribd.com
138,Susi,Warman,swarman3t@jalbum.net
139,Sharleen,Alcide,salcide3u@state.tx.us
140,Royce,Binham,rbinham3v@yandex.ru
141,Alvina,Skamal,askamal3w@princeton.edu
142,Tessie,MacCaffery,tmaccaffery3x@icio.us
143,Krystalle,O'Clery,koclery3y@webs.com
144,Heath,Forder,hforder3z@trellian.com
145,Kenneth,Loakes,kloakes40@tumblr.com
146,Dayle,Lathleiffure,dlathleiffure41@indiatimes.com
147,Boycie,Durston,bdurston42@berkeley.edu
148,Ainsley,Fayne,afayne43@constantcontact.com
149,Muffin,Jakubovsky,mjakubovsky44@homestead.com
150,Laina,Markwelley,lmarkwelley45@last.fm
151,Munmro,Gittus,mgittus46@redcross.org
152,Celestia,Ginie,cginie47@google.fr
153,Ynez,Bellocht,ybellocht48@ask.com
154,Cordy,Tabour,ctabour49@fema.gov
155,Norine,Winborn,nwinborn4a@vinaora.com
156,Shaylyn,Stanford,sstanford4b@hao123.com
157,Trista,Weatherup,tweatherup4c@github.com
158,Marcie,Pagel,mpagel4d@go.com
159,Tommie,Habergham,thabergham4e@tamu.edu
160,Alisha,Stoves,astoves4f@tripadvisor.com
161,Lissa,Duce,lduce4g@disqus.com
162,Ryun,Salzburger,rsalzburger4h@google.ru
163,Deloris,Heaker,dheaker4i@free.fr
164,Calvin,Marlow,cmarlow4j@ft.com
165,Toddie,Burchnall,tburchnall4k@xinhuanet.com
166,Andros,Cannan,acannan4l@mayoclinic.com
167,Ari,Parrin,aparrin4m@weather.com
168,Rosamund,Dinse,rdinse4n@barnesandnoble.com
169,Candy,Dorin,cdorin4o@microsoft.com
170,Reyna,Rubinek,rrubinek4p@desdev.cn
171,Kellen,Petherick,kpetherick4q@altervista.org
172,Christal,Bennedsen,cbennedsen4r@google.ru
173,Gabi,Hort,ghort4s@jigsy.com
174,Jasmina,Luce,jluce4t@cnet.com
175,Mattias,Rohlfing,mrohlfing4u@seesaa.net
176,Godfry,Banstead,gbanstead4v@plala.or.jp
177,Bren,Jakeman,bjakeman4w@feedburner.com
178,Fran,Maffei,fmaffei4x@wiley.com
179,Elliot,Byrne,ebyrne4y@ibm.com
180,Reade,Andrault,randrault4z@taobao.com
181,Marybeth,McKechnie,mmckechnie50@ovh.net
182,Carlynn,Halfacre,chalfacre51@vistaprint.com
183,Arley,Spriggen,aspriggen52@topsy.com
184,Binny,Babington,bbabington53@reddit.com
185,Gardiner,Attrey,gattrey54@washingtonpost.com
186,Jock,Augustine,jaugustine55@godaddy.com
187,Dawna,Chatterton,dchatterton56@lulu.com
188,Loella,Maybey,lmaybey57@cnn.com
189,Kirsti,Smallbone,ksmallbone58@people.com.cn
190,Astrix,Gerger,agerger59@godaddy.com
191,Jose,Ollerton,jollerton5a@census.gov
192,Bordie,Brooking,bbrooking5b@census.gov
193,Kyle,O'Noland,konoland5c@europa.eu
194,Fulton,Ahmad,fahmad5d@gravatar.com
195,Brunhilde,Bedward,bbedward5e@ning.com
196,Corinna,Issatt,cissatt5f@nifty.com
197,Jude,Mix,jmix5g@ustream.tv
198,Geoffry,Pink,gpink5h@so-net.ne.jp
199,Lee,Graveney,lgraveney5i@bloglines.com
200,Korey,Skune,kskune5j@t-online.de
